_	Id	CreatedDate	Type__c	IdAgent__c	EntreeClients__c	MessageErreur__c	DureeAppelAPI__c	NbClientsEntree__c	NbContactsSortie__c	CodePosteMetier__c		recordtypeId
[GOCC_MuleAPI_Log__c]	a01AP00000OCZaeYAH	2024-07-15T08:53:48.000+0000	LoadTime				3			RoleTest		012AP0000022BPdYAM
[GOCC_MuleAPI_Log__c]	a01AP00000OEk8UYAT	2024-07-15T08:53:48.000+0000	LoadTime				10			RoleTest		012AP0000022BPdYAM
[GOCC_MuleAPI_Log__c]	a01AP00000OF2OgYAL	2024-07-15T08:53:48.000+0000	LoadTime				2			RoleTest		012AP0000022BPdYAM
[GOCC_MuleAPI_Log__c]	a01AP00000OFijCYAT	2024-07-15T15:10:45.000+0000	LoadTime				6			RoleTest		012AP0000022BPdYAM
[GOCC_MuleAPI_Log__c]	a01AP00000OFjnFYAT	2024-07-15T15:10:54.000+0000	LoadTime				4			RoleTest		012AP0000022BPdYAM
[GOCC_MuleAPI_Log__c]	a01AP00000OGBjNYAX	2024-07-15T14:04:48.000+0000	LoadTime				16			RoleTest		012AP0000022BPdYAM
[GOCC_MuleAPI_Log__c]	a01AP00000OGP6VYAX	2024-07-15T15:14:06.000+0000	LoadTime				13			RoleTest		012AP0000022BPdYAM
[GOCC_MuleAPI_Log__c]	a01AP00000OGYxaYAH	2024-07-15T14:39:33.000+0000	LoadTime				8			RoleTest		012AP0000022BPdYAM
[GOCC_MuleAPI_Log__c]	a01AP00000OGgbqYAD	2024-07-15T14:39:43.000+0000	LoadTime				5			RoleTest		012AP0000022BPdYAM
[GOCC_MuleAPI_Log__c]	a01AP00000OGgiEYAT	2024-07-15T14:39:37.000+0000	LoadTime				16			RoleTest		012AP0000022BPdYAM
[GOCC_MuleAPI_Log__c]	a01AP00000OGl6oYAD	2024-07-15T15:10:29.000+0000	LoadTime				45			RoleTest		012AP0000022BPdYAM
[GOCC_MuleAPI_Log__c]	a01AP00000OGl6pYAD	2024-07-15T15:10:55.000+0000	LoadTime				7			RoleTest		012AP0000022BPdYAM
[GOCC_MuleAPI_Log__c]	a01AP00000OGovtYAD	2024-07-15T15:10:43.000+0000	LoadTime				20			RoleTest		012AP0000022BPdYAM
[GOCC_MuleAPI_Log__c]	a01AP00000OJW5LYAX	2024-07-16T09:10:08.000+0000	LoadTime				5			RoleTest		012AP0000022BPdYAM
[GOCC_MuleAPI_Log__c]	a01AP00000OJfJNYA1	2024-07-16T08:37:43.000+0000	LoadTime				19			RoleTest		012AP0000022BPdYAM
[GOCC_MuleAPI_Log__c]	a01AP00000OJfKzYAL	2024-07-16T08:37:43.000+0000	LoadTime				11			RoleTest		012AP0000022BPdYAM
[GOCC_MuleAPI_Log__c]	a01AP00000OJo1kYAD	2024-07-16T09:10:03.000+0000	LoadTime				18			RoleTest		012AP0000022BPdYAM
[GOCC_MuleAPI_Log__c]	a01AP00000OJpc5YAD	2024-07-16T09:10:06.000+0000	LoadTime				15			RoleTest		012AP0000022BPdYAM
[GOCC_MuleAPI_Log__c]	a01AP00000OJpfJYAT	2024-07-16T09:10:14.000+0000	LoadTime				4			RoleTest		012AP0000022BPdYAM
[GOCC_MuleAPI_Log__c]	a01AP00000OJt4bYAD	2024-07-16T09:29:48.000+0000	LoadTime				21			RoleTest		012AP0000022BPdYAM
[GOCC_MuleAPI_Log__c]	a01AP00000OK6RhYAL	2024-07-16T12:29:14.000+0000	LoadTime				9			RoleTest		012AP0000022BPdYAM
[GOCC_MuleAPI_Log__c]	a01AP00000OKFK7YAP	2024-07-16T13:13:38.000+0000	LoadTime				19			RoleTest		012AP0000022BPdYAM
[GOCC_MuleAPI_Log__c]	a01AP00000OKTZXYA5	2024-07-16T12:37:50.000+0000	LoadTime				43			RoleTest		012AP0000022BPdYAM
[GOCC_MuleAPI_Log__c]	a01AP00000OKYXaYAP	2024-07-16T12:31:56.000+0000	LoadTime				4			RoleTest		012AP0000022BPdYAM
[GOCC_MuleAPI_Log__c]	a01AP00000OKcxlYAD	2024-07-16T12:31:33.000+0000	LoadTime				10			RoleTest		012AP0000022BPdYAM
[GOCC_MuleAPI_Log__c]	a01AP00000OKd0zYAD	2024-07-16T12:31:42.000+0000	LoadTime				16			RoleTest		012AP0000022BPdYAM
[GOCC_MuleAPI_Log__c]	a01AP00000OKgy9YAD	2024-07-16T12:48:13.000+0000	LoadTime				21			RoleTest		012AP0000022BPdYAM
[GOCC_MuleAPI_Log__c]	a01AP00000OKh1NYAT	2024-07-16T12:48:36.000+0000	LoadTime				9			RoleTest		012AP0000022BPdYAM
[GOCC_MuleAPI_Log__c]	a01AP00000OKhSsYAL	2024-07-16T15:25:12.000+0000	LoadTime				15			RoleTest		012AP0000022BPdYAM
[GOCC_MuleAPI_Log__c]	a01AP00000OKkGzYAL	2024-07-16T13:02:13.000+0000	LoadTime				8			RoleTest		012AP0000022BPdYAM
[GOCC_MuleAPI_Log__c]	a01AP00000OKkIbYAL	2024-07-16T13:02:22.000+0000	LoadTime				15			RoleTest		012AP0000022BPdYAM
[GOCC_MuleAPI_Log__c]	a01AP00000OKokaYAD	2024-07-16T14:21:41.000+0000	LoadTime				6			RoleTest		012AP0000022BPdYAM
[GOCC_MuleAPI_Log__c]	a01AP00000OKvdqYAD	2024-07-16T14:04:38.000+0000	LoadTime				28			RoleTest		012AP0000022BPdYAM
[GOCC_MuleAPI_Log__c]	a01AP00000OKyAKYA1	2024-07-16T15:25:17.000+0000	LoadTime				6			RoleTest		012AP0000022BPdYAM
[GOCC_MuleAPI_Log__c]	a01AP00000OL00pYAD	2024-07-16T15:16:11.000+0000	LoadTime				9			RoleTest		012AP0000022BPdYAM
[GOCC_MuleAPI_Log__c]	a01AP00000OLGgDYAX	2024-07-16T15:28:50.000+0000	LoadTime				5			RoleTest		012AP0000022BPdYAM
[GOCC_MuleAPI_Log__c]	a01AP00000OLLrRYAX	2024-07-16T14:54:37.000+0000	LoadTime				16			RoleTest		012AP0000022BPdYAM
[GOCC_MuleAPI_Log__c]	a01AP00000OLQw9YAH	2024-07-16T14:52:44.000+0000	LoadTime				14			RoleTest		012AP0000022BPdYAM
[GOCC_MuleAPI_Log__c]	a01AP00000OLYTtYAP	2024-07-16T15:16:17.000+0000	LoadTime				15			RoleTest		012AP0000022BPdYAM
[GOCC_MuleAPI_Log__c]	a01AP00000OLZ4zYAH	2024-07-16T15:22:30.000+0000	LoadTime				8			RoleTest		012AP0000022BPdYAM
[GOCC_MuleAPI_Log__c]	a01AP00000OLZeTYAX	2024-07-16T15:25:25.000+0000	LoadTime				6			RoleTest		012AP0000022BPdYAM
[GOCC_MuleAPI_Log__c]	a01AP00000OOAVhYAP	2024-07-17T12:20:23.000+0000	LoadTime				8			RoleTest		012AP0000022BPdYAM
[GOCC_MuleAPI_Log__c]	a01AP00000OOIm5YAH	2024-07-17T12:20:02.000+0000	LoadTime				29			RoleTest		012AP0000022BPdYAM
[GOCC_MuleAPI_Log__c]	a01AP00000OOOBWYA5	2024-07-17T12:29:33.000+0000	LoadTime				16			RoleTest		012AP0000022BPdYAM
[GOCC_MuleAPI_Log__c]	a01AP00000OOSiZYAX	2024-07-17T11:55:45.000+0000	LoadTime				9			RoleTest		012AP0000022BPdYAM
[GOCC_MuleAPI_Log__c]	a01AP00000OOXRfYAP	2024-07-17T11:49:51.000+0000	LoadTime				16			RoleTest		012AP0000022BPdYAM
[GOCC_MuleAPI_Log__c]	a01AP00000OOcW9YAL	2024-07-17T11:49:51.000+0000	LoadTime				3			RoleTest		012AP0000022BPdYAM
[GOCC_MuleAPI_Log__c]	a01AP00000OOjHVYA1	2024-07-17T12:29:25.000+0000	LoadTime				16			RoleTest		012AP0000022BPdYAM
[GOCC_MuleAPI_Log__c]	a01AP00000OOjJ7YAL	2024-07-17T12:29:42.000+0000	LoadTime				8			RoleTest		012AP0000022BPdYAM
[GOCC_MuleAPI_Log__c]	a01AP00000OSL5hYAH	2024-07-18T15:25:14.000+0000	LoadTime	63140			22			RoleTest		012AP0000022BPdYAM
[GOCC_MuleAPI_Log__c]	a01AP00000OSrV3YAL	2024-07-18T13:26:12.000+0000	LoadTime				30			RoleTest		012AP0000022BPdYAM
[GOCC_MuleAPI_Log__c]	a01AP00000OT3PsYAL	2024-07-18T13:11:26.000+0000	LoadTime				2			RoleTest		012AP0000022BPdYAM
[GOCC_MuleAPI_Log__c]	a01AP00000OT4UAYA1	2024-07-18T13:11:30.000+0000	LoadTime				5			RoleTest		012AP0000022BPdYAM
[GOCC_MuleAPI_Log__c]	a01AP00000OTAf5YAH	2024-07-18T15:24:24.000+0000	ApiCall	63140	CE16275079585147		20	1	71	RoleTest		012AP0000022BPdYAM
[GOCC_MuleAPI_Log__c]	a01AP00000OTOPKYA5	2024-07-18T13:26:14.000+0000	LoadTime				5			RoleTest		012AP0000022BPdYAM
[GOCC_MuleAPI_Log__c]	a01AP00000OTTkVYAX	2024-07-18T15:32:10.000+0000	LoadTime				14			RoleTest		012AP0000022BPdYAM
[GOCC_MuleAPI_Log__c]	a01AP00000OTm55YAD	2024-07-18T13:11:26.000+0000	LoadTime				2			RoleTest		012AP0000022BPdYAM
[GOCC_MuleAPI_Log__c]	a01AP00000OTnWVYA1	2024-07-18T15:11:00.000+0000	LoadTime	63140			34			RoleTest		012AP0000022BPdYAM
[GOCC_MuleAPI_Log__c]	a01AP00000OTnZbYAL	2024-07-18T15:11:00.000+0000	ApiCall	63140	CE16275079585147		20	1	71	RoleTest		012AP0000022BPdYAM
[GOCC_MuleAPI_Log__c]	a01AP00000OTynlYAD	2024-07-18T13:11:26.000+0000	LoadTime				14			RoleTest		012AP0000022BPdYAM
[GOCC_MuleAPI_Log__c]	a01AP00000OTzK5YAL	2024-07-18T17:30:43.000+0000	LoadTime				18			RoleTest		012AP0000022BPdYAM
[GOCC_MuleAPI_Log__c]	a01AP00000OU082YAD	2024-07-18T13:26:11.000+0000	LoadTime				20			RoleTest		012AP0000022BPdYAM
[GOCC_MuleAPI_Log__c]	a01AP00000OU3CYYA1	2024-07-18T15:20:26.000+0000	LoadTime	63140			102			RoleTest		012AP0000022BPdYAM
[GOCC_MuleAPI_Log__c]	a01AP00000OU6QTYA1	2024-07-18T15:19:33.000+0000	LoadTime	63140			45			RoleTest		012AP0000022BPdYAM
[GOCC_MuleAPI_Log__c]	a01AP00000OU9rTYAT	2024-07-18T15:05:44.000+0000	LoadTime	63140			30			RoleTest		012AP0000022BPdYAM
[GOCC_MuleAPI_Log__c]	a01AP00000OU9stYAD	2024-07-18T15:19:21.000+0000	ApiCall	63140	CE16275079585147		20	1	71	RoleTest		012AP0000022BPdYAM
[GOCC_MuleAPI_Log__c]	a01AP00000OUBUxYAP	2024-07-18T16:29:33.000+0000	LoadTime				12			RoleTest		012AP0000022BPdYAM
[GOCC_MuleAPI_Log__c]	a01AP00000OUFomYAH	2024-07-18T15:17:02.000+0000	ApiCall	63140	CE16275079585147		25	1	71	RoleTest		012AP0000022BPdYAM
[GOCC_MuleAPI_Log__c]	a01AP00000OUIbVYAX	2024-07-18T15:32:11.000+0000	ApiCall		CE16275079585147		18	1	71	RoleTest		012AP0000022BPdYAM
[GOCC_MuleAPI_Log__c]	a01AP00000OUKjUYAX	2024-07-18T16:20:02.000+0000	ApiCall		CE16275079585147		16	1	71	RoleTest		012AP0000022BPdYAM
[GOCC_MuleAPI_Log__c]	a01AP00000OUNZNYA5	2024-07-18T15:33:15.000+0000	ApiCall		CE16275079585147		18	1	71	RoleTest		012AP0000022BPdYAM
[GOCC_MuleAPI_Log__c]	a01AP00000OUQc1YAH	2024-07-18T15:17:02.000+0000	LoadTime	63140			49			RoleTest		012AP0000022BPdYAM
[GOCC_MuleAPI_Log__c]	a01AP00000OURFBYA5	2024-07-18T15:33:14.000+0000	LoadTime				11			RoleTest		012AP0000022BPdYAM
[GOCC_MuleAPI_Log__c]	a01AP00000OUdvoYAD	2024-07-18T15:19:34.000+0000	ApiCall	63140	CE16275079585147		20	1	71	RoleTest		012AP0000022BPdYAM
[GOCC_MuleAPI_Log__c]	a01AP00000OUgfuYAD	2024-07-18T15:19:21.000+0000	LoadTime	63140			31			RoleTest		012AP0000022BPdYAM
[GOCC_MuleAPI_Log__c]	a01AP00000OUrkNYAT	2024-07-18T15:22:08.000+0000	ApiCall	63140	CE16275079585147		20	1	71	RoleTest		012AP0000022BPdYAM
[GOCC_MuleAPI_Log__c]	a01AP00000OUtAyYAL	2024-07-18T17:07:09.000+0000	LoadTime				20			RoleTest		012AP0000022BPdYAM
[GOCC_MuleAPI_Log__c]	a01AP00000OV2yzYAD	2024-07-18T15:04:40.000+0000	LoadTime	63140			30			RoleTest		012AP0000022BPdYAM
[GOCC_MuleAPI_Log__c]	a01AP00000OV3K7YAL	2024-07-18T15:19:01.000+0000	ApiCall	63140	CE16275079585147		21	1	71	RoleTest		012AP0000022BPdYAM
[GOCC_MuleAPI_Log__c]	a01AP00000OV9ZAYA1	2024-07-18T16:29:34.000+0000	ApiCall		CE16275079585147		13	1	71	RoleTest		012AP0000022BPdYAM
[GOCC_MuleAPI_Log__c]	a01AP00000OVC5yYAH	2024-07-18T15:24:24.000+0000	LoadTime	63140			74			RoleTest		012AP0000022BPdYAM
[GOCC_MuleAPI_Log__c]	a01AP00000OVHI7YAP	2024-07-18T15:23:10.000+0000	ApiCall	63140	CE16275079585147		20	1	71	RoleTest		012AP0000022BPdYAM
[GOCC_MuleAPI_Log__c]	a01AP00000OVtaHYAT	2024-07-18T15:18:44.000+0000	LoadTime	63140			43			RoleTest		012AP0000022BPdYAM
[GOCC_MuleAPI_Log__c]	a01AP00000OVtaIYAT	2024-07-18T15:18:45.000+0000	ApiCall	63140	CE16275079585147		16	1	71	RoleTest		012AP0000022BPdYAM
[GOCC_MuleAPI_Log__c]	a01AP00000OVubBYAT	2024-07-18T15:19:01.000+0000	LoadTime	63140			56			RoleTest		012AP0000022BPdYAM
[GOCC_MuleAPI_Log__c]	a01AP00000OVzNxYAL	2024-07-18T15:20:27.000+0000	ApiCall	63140	CE16275079585147		21	1	71	RoleTest		012AP0000022BPdYAM
[GOCC_MuleAPI_Log__c]	a01AP00000OVzNzYAL	2024-07-18T15:25:14.000+0000	ApiCall	63140	CE16275079585147		20	1	71	RoleTest		012AP0000022BPdYAM
[GOCC_MuleAPI_Log__c]	a01AP00000OW5mjYAD	2024-07-18T15:22:08.000+0000	LoadTime	63140			28			RoleTest		012AP0000022BPdYAM
[GOCC_MuleAPI_Log__c]	a01AP00000OW6XZYA1	2024-07-18T17:17:21.000+0000	LoadTime				21			RoleTest		012AP0000022BPdYAM
[GOCC_MuleAPI_Log__c]	a01AP00000OW9YbYAL	2024-07-18T15:23:10.000+0000	LoadTime	63140			38			RoleTest		012AP0000022BPdYAM
[GOCC_MuleAPI_Log__c]	a01AP00000OX54kYAD	2024-07-18T16:25:20.000+0000	LoadTime				13			RoleTest		012AP0000022BPdYAM
[GOCC_MuleAPI_Log__c]	a01AP00000OX7o6YAD	2024-07-18T17:17:21.000+0000	ApiCall		CE16275079585147		27	1	71	RoleTest		012AP0000022BPdYAM
[GOCC_MuleAPI_Log__c]	a01AP00000OX8CJYA1	2024-07-18T16:25:20.000+0000	ApiCall		CE16275079585147		14	1	71	RoleTest		012AP0000022BPdYAM
[GOCC_MuleAPI_Log__c]	a01AP00000OX8fJYAT	2024-07-18T16:20:02.000+0000	LoadTime				32			RoleTest		012AP0000022BPdYAM
[GOCC_MuleAPI_Log__c]	a01AP00000OX9ExYAL	2024-07-18T17:31:17.000+0000	LoadTime				22			RoleTest		012AP0000022BPdYAM
[GOCC_MuleAPI_Log__c]	a01AP00000OX9oIYAT	2024-07-18T17:27:31.000+0000	ApiCall		CE16275079585147		14	1	71	RoleTest		012AP0000022BPdYAM
[GOCC_MuleAPI_Log__c]	a01AP00000OX9oJYAT	2024-07-18T17:28:07.000+0000	ApiCall		CE16275079585147		15	1	71	RoleTest		012AP0000022BPdYAM
[GOCC_MuleAPI_Log__c]	a01AP00000OYJ5fYAH	2024-07-18T17:16:36.000+0000	LoadTime				10			RoleTest		012AP0000022BPdYAM
[GOCC_MuleAPI_Log__c]	a01AP00000OYW1HYAX	2024-07-18T18:21:47.000+0000	ApiCall		CE16275079585147		16	1	71	RoleTest		012AP0000022BPdYAM
[GOCC_MuleAPI_Log__c]	a01AP00000OYgGlYAL	2024-07-18T17:16:37.000+0000	ApiCall		CE16275079585147		24	1	71	RoleTest		012AP0000022BPdYAM
[GOCC_MuleAPI_Log__c]	a01AP00000OYmpCYAT	2024-07-18T17:31:17.000+0000	ApiCall		CE16275079585147		17	1	71	RoleTest		012AP0000022BPdYAM
[GOCC_MuleAPI_Log__c]	a01AP00000OYrqTYAT	2024-07-18T17:07:09.000+0000	ApiCall		CE16275079585147		17	1	71	RoleTest		012AP0000022BPdYAM
[GOCC_MuleAPI_Log__c]	a01AP00000OZb0UYAT	2024-07-18T17:27:31.000+0000	LoadTime				16			RoleTest		012AP0000022BPdYAM
[GOCC_MuleAPI_Log__c]	a01AP00000OZcqzYAD	2024-07-18T17:28:07.000+0000	LoadTime				14			RoleTest		012AP0000022BPdYAM
[GOCC_MuleAPI_Log__c]	a01AP00000OZeeHYAT	2024-07-18T17:29:28.000+0000	LoadTime				21			RoleTest		012AP0000022BPdYAM
[GOCC_MuleAPI_Log__c]	a01AP00000OZeftYAD	2024-07-18T17:29:28.000+0000	ApiCall		CE16275079585147		16	1	71	RoleTest		012AP0000022BPdYAM
[GOCC_MuleAPI_Log__c]	a01AP00000OZepZYAT	2024-07-18T17:30:43.000+0000	ApiCall		CE16275079585147		20	1	71	RoleTest		012AP0000022BPdYAM
[GOCC_MuleAPI_Log__c]	a01AP00000OZfNSYA1	2024-07-18T18:21:47.000+0000	LoadTime				35			RoleTest		012AP0000022BPdYAM
[GOCC_MuleAPI_Log__c]	a01AP00000OZg0AYAT	2024-07-18T18:18:39.000+0000	ApiCall		CE16275079585147		14	1	71	RoleTest		012AP0000022BPdYAM
[GOCC_MuleAPI_Log__c]	a01AP00000OZgWRYA1	2024-07-18T18:18:08.000+0000	LoadTime				17			RoleTest		012AP0000022BPdYAM
[GOCC_MuleAPI_Log__c]	a01AP00000OZgt0YAD	2024-07-18T18:28:28.000+0000	ApiCall		CE16275079585147		20	1	71	RoleTest		012AP0000022BPdYAM
[GOCC_MuleAPI_Log__c]	a01AP00000OZhPGYA1	2024-07-18T18:18:20.000+0000	LoadTime				20			RoleTest		012AP0000022BPdYAM
[GOCC_MuleAPI_Log__c]	a01AP00000OZitBYAT	2024-07-18T18:15:53.000+0000	LoadTime				16			RoleTest		012AP0000022BPdYAM
[GOCC_MuleAPI_Log__c]	a01AP00000OZiunYAD	2024-07-18T18:15:53.000+0000	ApiCall		CE16275079585147		21	1	71	RoleTest		012AP0000022BPdYAM
[GOCC_MuleAPI_Log__c]	a01AP00000OZl1RYAT	2024-07-18T18:16:35.000+0000	LoadTime				13			RoleTest		012AP0000022BPdYAM
[GOCC_MuleAPI_Log__c]	a01AP00000OZn1dYAD	2024-07-18T18:17:04.000+0000	ApiCall		CE16275079585147		19	1	71	RoleTest		012AP0000022BPdYAM
[GOCC_MuleAPI_Log__c]	a01AP00000OZnfxYAD	2024-07-18T18:17:16.000+0000	LoadTime				17			RoleTest		012AP0000022BPdYAM
[GOCC_MuleAPI_Log__c]	a01AP00000OZqHFYA1	2024-07-18T18:17:58.000+0000	ApiCall		CE16275079585147		45	1	71	RoleTest		012AP0000022BPdYAM
[GOCC_MuleAPI_Log__c]	a01AP00000OZr3dYAD	2024-07-18T18:18:09.000+0000	ApiCall		CE16275079585147		20	1	71	RoleTest		012AP0000022BPdYAM
[GOCC_MuleAPI_Log__c]	a01AP00000OZrurYAD	2024-07-18T18:18:20.000+0000	ApiCall		CE16275079585147		18	1	71	RoleTest		012AP0000022BPdYAM
[GOCC_MuleAPI_Log__c]	a01AP00000OZsu9YAD	2024-07-18T18:18:39.000+0000	LoadTime				25			RoleTest		012AP0000022BPdYAM
[GOCC_MuleAPI_Log__c]	a01AP00000OZvQdYAL	2024-07-18T20:32:22.000+0000	LoadTime				13			RoleTest		012AP0000022BPdYAM
[GOCC_MuleAPI_Log__c]	a01AP00000Oa87iYAB	2024-07-18T18:25:59.000+0000	ApiCall		CE16275079585147		14	1	71	RoleTest		012AP0000022BPdYAM
[GOCC_MuleAPI_Log__c]	a01AP00000OaByPYAV	2024-07-18T18:24:02.000+0000	LoadTime				19			RoleTest		012AP0000022BPdYAM
[GOCC_MuleAPI_Log__c]	a01AP00000OaC3FYAV	2024-07-18T18:24:02.000+0000	ApiCall		CE16275079585147		19	1	71	RoleTest		012AP0000022BPdYAM
[GOCC_MuleAPI_Log__c]	a01AP00000OaI73YAF	2024-07-18T18:25:58.000+0000	LoadTime				17			RoleTest		012AP0000022BPdYAM
[GOCC_MuleAPI_Log__c]	a01AP00000OaNzaYAF	2024-07-18T18:28:28.000+0000	LoadTime				10			RoleTest		012AP0000022BPdYAM
[GOCC_MuleAPI_Log__c]	a01AP00000OaR3uYAF	2024-07-18T18:31:44.000+0000	ApiCall		CE16275079585147		16	1	71	RoleTest		012AP0000022BPdYAM
[GOCC_MuleAPI_Log__c]	a01AP00000OaU4zYAF	2024-07-18T18:29:22.000+0000	LoadTime				19			RoleTest		012AP0000022BPdYAM
[GOCC_MuleAPI_Log__c]	a01AP00000OaU6bYAF	2024-07-18T18:29:22.000+0000	ApiCall		CE16275079585147		11	1	71	RoleTest		012AP0000022BPdYAM
[GOCC_MuleAPI_Log__c]	a01AP00000OaZMPYA3	2024-07-18T18:30:54.000+0000	LoadTime				16			RoleTest		012AP0000022BPdYAM
[GOCC_MuleAPI_Log__c]	a01AP00000OaZO1YAN	2024-07-18T18:30:54.000+0000	ApiCall		CE16275079585147		14	1	71	RoleTest		012AP0000022BPdYAM
[GOCC_MuleAPI_Log__c]	a01AP00000OabpdYAB	2024-07-18T18:31:44.000+0000	LoadTime				23			RoleTest		012AP0000022BPdYAM
[GOCC_MuleAPI_Log__c]	a01AP00000OaeM5YAJ	2024-07-18T18:32:29.000+0000	LoadTime				20			RoleTest		012AP0000022BPdYAM
[GOCC_MuleAPI_Log__c]	a01AP00000OaeNhYAJ	2024-07-18T18:32:29.000+0000	ApiCall		CE16275079585147		9	1	71	RoleTest		012AP0000022BPdYAM
[GOCC_MuleAPI_Log__c]	a01AP00000ObhUoYAJ	2024-07-18T19:51:22.000+0000	LoadTime				13			RoleTest		012AP0000022BPdYAM
[GOCC_MuleAPI_Log__c]	a01AP00000Obk4TYAR	2024-07-18T19:51:08.000+0000	LoadTime				16			RoleTest		012AP0000022BPdYAM
[GOCC_MuleAPI_Log__c]	a01AP00000Obl2AYAR	2024-07-18T20:36:13.000+0000	ApiCall		CE16275079585147		13	1	1	RoleTest		012AP0000022BPdYAM
[GOCC_MuleAPI_Log__c]	a01AP00000ObmO3YAJ	2024-07-18T20:32:22.000+0000	ApiCall		CE16275079585147		24	1	1	RoleTest		012AP0000022BPdYAM
[GOCC_MuleAPI_Log__c]	a01AP00000ObnbpYAB	2024-07-18T20:36:13.000+0000	LoadTime				13			RoleTest		012AP0000022BPdYAM
[GOCC_MuleAPI_Log__c]	a01AP00000OfGatYAF	2024-07-19T07:56:59.000+0000	LoadTime				13			RoleTest		012AP0000022BPdYAM
[GOCC_MuleAPI_Log__c]	a01AP00000OfO2AYAV	2024-07-19T07:12:54.000+0000	LoadTime				15			RoleTest		012AP0000022BPdYAM
[GOCC_MuleAPI_Log__c]	a01AP00000OfP6IYAV	2024-07-19T07:56:59.000+0000	ApiCall		CE16275079585147		21	1	1	RoleTest		012AP0000022BPdYAM
[GOCC_MuleAPI_Log__c]	a01AP00000OfT8IYAV	2024-07-19T07:12:54.000+0000	ApiCall		CE16275079585147		33	1	1	RoleTest		012AP0000022BPdYAM
[GOCC_MuleAPI_Log__c]	a01AP00000PWxIGYA1	2024-08-01T13:21:28.000+0000	ApiCall		CE16275079585147		25	1	1	RoleTest		012AP0000022BPdYAM
[GOCC_MuleAPI_Log__c]	a01AP00000PWzyEYAT	2024-08-01T13:21:27.000+0000	LoadTime				19			RoleTest		012AP0000022BPdYAM
[GOCC_MuleAPI_Log__c]	a01AP00000RtlRlYAJ	2024-09-12T12:46:24.000+0000	ApiCall		CE16275079585147		25	1	1	RoleTest		012AP0000022BPdYAM